1.Tarsis Azevedo    - tarsis
2.Hugo Lopes        - hugobr
3.Andrews Medina    - andrewsmedina
4.Fabio M. Costa    - fabiomcosta
5.Vinicius Mendes   - vbmendes
6.Alberto Beloni    - albertobeloni 
7.Gustavo Luz       - gustavoluz 
8.Danilo Moret      - moret
9.Francisco         - franciscosouza
10.Carlos Laviola   - claviola
11.Alvaro Justen    - turicas
12.Tatiana          - tatiana